LD_SNP,SNP1,SNP2,R2
LD_SNP_1,c1_8019,c2_25471,0.917525466086348
LD_SNP_2,c2_45606,c2_45611,1
LD_SNP_3,c1_13524,c1_16001,0.909484625378952
LD_SNP_4,c1_8347,c2_26793,1
LD_SNP_5,c2_16998,c2_16999,1
